id,NAME,host_id,host_identity_verified,host_name,neighbourhood_group,neighbourhood,lat,long,country,country_code,instant_bookable,cancellation_policy,room_type,Construction_year,price,service_fee,minimum_nights,number_of_reviews,last_review,reviews_per_month,review_rate_number,calculated_host_listings_count,availability_365,house_rules,license
1001254,Clean & quiet apt home by the park,80014485718,unconfirmed,Madaline,Brooklyn,Kensington,40.64749,-73.97237,United States,US,FALSE,strict,Private room,2020,$966.00 ,$193.00 ,10,9,10/19/2021,0.21,4,6,286,Clean up and treat the home the way you'd like your home to be treated.  No smoking.,
1002102,Skylit Midtown Castle,52335172823,verified,Jenna,Manhattan,Midtown,40.75362,-73.98377,United States,US,FALSE,moderate,Entire home/apt,2007,$142.00 ,$28.00 ,30,45,5/21/2022,0.38,4,2,228,Pet friendly but please confirm with me if the pet you are planning on bringing with you is OK. I have a cute and quiet mixed chihuahua. I could accept more guests (for an extra fee) but this also needs to be confirmed beforehand. Also friends traveling together could sleep in separate beds for an extra fee (the second bed is either a sofa bed or inflatable bed). Smoking is only allowed on the porch.,
1002403,THE VILLAGE OF HARLEM....NEW YORK !,78829239556,,Elise,Manhattan,Harlem,40.80902,-73.9419,United States,US,TRUE,flexible,Private room,2005,$620.00 ,$124.00 ,3,0,,,5,1,352,"I encourage you to use my kitchen, cooking and laundry facilities. There is no additional charge to use the washer/dryer in the basement.  No smoking, inside or outside. Come home as late as you want.  If you come home stumbling drunk, it's OK the first time. If you do it again, and you wake up me or the neighbors downstairs, we will be annoyed.  (Just so you know . . . )",
1002755,,85098326012,unconfirmed,Garry,Brooklyn,Clinton Hill,40.68514,-73.95976,United States,US,TRUE,moderate,Entire home/apt,2005,$368.00 ,$74.00 ,30,270,7/5/2019,4.64,4,1,322,,
1003689,Entire Apt: Spacious Studio/Loft by central park,92037596077,verified,Lyndon,Manhattan,East Harlem,40.79851,-73.94399,United States,US,FALSE,moderate,Entire home/apt,2009,$204.00 ,$41.00 ,10,9,11/19/2018,0.1,3,1,289,"Please no smoking in the house, porch or on the property (you can go to the nearby corner).  Reasonable quiet after 10:30 pm.  Please remove shoes in the house.",
1004098,Large Cozy 1 BR Apartment In Midtown East,45498551794,verified,Michelle,Manhattan,Murray Hill,40.74767,-73.975,United States,US,TRUE,flexible,Entire home/apt,2013,$577.00 ,$115.00 ,3,74,6/22/2019,0.59,3,1,374,"No smoking, please, and no drugs.",
1004650,BlissArtsSpace!,61300605564,,Alberta,Brooklyn,Bedford-Stuyvesant,40.68688,-73.95596,United States,US,FALSE,moderate,Private room,2015,$71.00 ,$14.00 ,45,49,10/5/2017,0.4,5,1,224,Please no shoes in the house so bring slippers or extra socks to keep your feet warm- especially in winter! No smoking either inside or outside. Please be considerate of neighbors from 10pm-7am in terms of noise. Please take out any trash and leave in the large blue garbage bin at the end of the driveway when you leave.,
1005202,BlissArtsSpace!,90821839709,unconfirmed,Emma,Brooklyn,Bedford-Stuyvesant,40.68688,-73.95596,United States,US,FALSE,moderate,Private room,2009,"$1,060.00 ",$212.00 ,45,49,10/5/2017,0.4,5,1,219,"House Guidelines for our BnB We are delighted to welcome you.  Check in Sun ‚Äì Thurs by 8PM and Fri, Sat by 9pm. Please bear in mind that this is not a hotel but our home and we are opening it to you.  We will do our utmost to make your stay enjoyable and fun.  We ask that you take care to respect our home and its appearance.  Thank you.  Marilyn and Alan 1.ROOMS - The bedroom is yours for the duration of your stay.  Be sure to let us know if you need something.  Please keep it neat and tidy and take advantage of the closet and bureau for your belongings.  We do ask that you turn off lights, air conditioner, fan, etc. when you are not in the room. Thank you. 2.LIGHTS ‚Äì Please, too, remember to turn off lights on the stairway when returning.   3.KEYS - 2 house keys are provided - Replacement cost is $15 each 4.PARKING ‚Äì Parking is available on street at all times.   5.SHOES ‚Äì When the weather is inclement please remove shoes.   6.TOILETRIES - If you need them we can provide basic toiletr",
1005754,Large Furnished Room Near B'way,79384379533,verified,Evelyn,Manhattan,Hell's Kitchen,40.76489,-73.98493,United States,US,TRUE,strict,Private room,2005,"$1,018.00 ",$204.00 ,2,430,6/24/2019,3.47,3,1,180,"- Please clean up after yourself when using the kitchen. - When using the bathroom, please be careful to minimize the amount of water on the floor when showering and using the sink. - Please make sure to remove any strands of hair from the sink and floors",
1006307,Cozy Clean Guest Room - Family Apt,75527839483,unconfirmed,Carl,Manhattan,Upper West Side,40.80178,-73.96723,United States,US,FALSE,strict,Private room,2015,$291.00 ,$58.00 ,2,118,7/21/2017,0.99,5,1,375,"NO SMOKING OR PETS ANYWHERE ON THE PROPERTY 1. Be respectful of the other tenants 2. If you use the grill, be sure to turn off the gas 3. Notify the owner of any discrepancies or things not functioning properly immediately 4. Please treat carpet stains promptly (or notify the owner) 5. Kindly turn off lights, air conditioners, and other electrical items when they aren't needed",
1006859,Cute & Cozy Lower East Side 1 bdrm,1280143094,verified,Miranda,Manhattan,Chinatown,40.71344,-73.99037,United States,US,FALSE,flexible,Entire home/apt,2004,$319.00 ,$64.00 ,1,160,6/9/2019,1.33,3,4,1,,
1007411,Beautiful 1br on Upper West Side,18824631834,verified,Alan,Manhattan,Upper West Side,40.80316,-73.96545,United States,US,TRUE,flexible,Entire home/apt,2008,$606.00 ,$121.00 ,5,53,6/22/2019,0.43,4,1,163,"My ideal guests would be warm, friendly, and respectful of sharing my home and it's rhythms. I am allergic to cigarettes, so no smoking please, not even in the yard. A quiet homecoming is much appreciated at the end of the evening's nightlife.",
1007964,Central Manhattan/near Broadway,88136055909,verified,,Manhattan,Hell's Kitchen,40.76076,-73.98867,United States,US,FALSE,strict,Private room,2008,$714.00 ,$143.00 ,2,188,6/23/2019,1.5,4,1,258,"- One of the bedroom closets is not accessible to guests - Please be mindful of the neighbors, quiet time after 10PM  - Check-out time is at 11AM on the day of your departure.  - If you're going to smoke outside, please clean up after yourself and do not ",
1008516,"Lovely Room 1, Garden, Best Area, Legal rental",26802410424,verified,Darcy,brookln,South Slope,40.66829,-73.98779,United States,US,TRUE,moderate,Private room,2010,$580.00 ,$116.00 ,4,167,6/24/2019,1.34,4,3,47,,
1009068,Wonderful Guest Bedroom in Manhattan for SINGLES,88920244552,verified,Leonardo,Manhattan,Upper West Side,40.79826,-73.96113,United States,US,FALSE,flexible,Private room,2019,$149.00 ,$30.00 ,2,113,7/5/2019,0.91,3,1,68,,
1009621,West Village Nest - Superhost,46551725984,verified,Daniel,Manhattan,West Village,40.7353,-74.00525,United States,US,TRUE,flexible,Entire home/apt,2018,$578.00 ,,90,27,10/31/2018,0.22,3,1,100,"Arrival time can be no later than 9:00PM unless pre-arranged. No visitors allowed at anytime without prior approval. Overnight guests are not allowed at all. There is no room for guests. Don't ask. No smoking. 11:00 PM is quiet time while watching private room tv is acceptable. No eating meals in the room. It's too small, you'll see what I'm saying, and there's a nice dining table for that. Small snacks are fine. If you cook and/or uses dishes and utensils then please clean them so someone else can use them. Do not leave anything uncleaned in the sink overnight. Shared areas of the home are expected to be maintained after you use them. There are no room services provided other than normal cleaning. Closet and dresser space is provided for your clothes.",
1010173,Only 2 stops to Manhattan studio,62566345680,unconfirmed,Heather,Brooklyn,Williamsburg,40.70837,-73.95352,United States,,,moderate,Entire home/apt,2009,$778.00 ,,2,148,6/29/2019,1.2,3,1,197,"Absolutely no smoking in the building, handling of art work or damaging personal property. All additional charges for movie rental are the responsibility of the renter. Shower before entering the hot tub. No glass or food in the hot tub. Turn off all lights and appliances when leaving the unit.",
1010725,Perfect for Your Parents + Garden,80380130347,verified,Ryan,Brooklyn,Fort Greene,40.69169,-73.97185,United States,,,flexible,Entire home/apt,2006,$656.00 ,,2,198,6/28/2019,1.72,5,1,96,"- Please be mindful of the neighbors, quiet time after 10PM  - Check-out time is at 11AM on the day of your departure.  - If you're going to smoke outside, please clean up after yourself and do not throw cigarette butts on the ground - The refrigerator an",
1011277,Chelsea Perfect,73862528370,verified,Alberta,manhatan,Chelsea,40.74192,-73.99501,United States,,,moderate,Private room,2008,$460.00 ,,1,260,7/1/2019,2.12,3,1,325,,
1011830,Hip Historic Brownstone Apartment with Backyard,72145018858,,Martin,Brooklyn,Crown Heights,40.67592,-73.94694,United States,,,moderate,Entire home/apt,2004,"$1,095.00 ",,3,53,6/22/2019,4.44,5,1,345,"LAUNDRY - Laundry can be done by the visitor before 10 pm, preferably on weekends. - Please provide your own detergent and fabric conditioner. Keep the machine clean and remember to clean the filter before and after use. - Please ask hosts to teach you how to operate the machines if you are not familiar with it. - Please limit your load and washes as not to overload the machine. - One wash per week will be ideal. HOUSEKEEPING - The bedrooms shall be kept clean and tidy by the visitor. - Please be respectful of others and keep the bathroom clean ‚Äì do not leave dirty clothes and trash lying around. - Each visitor is responsible for cleaning their own dirty dishes and throwing their own trash in the garbage bin outside. - Please provide your own toiletries such as bath soap, shampoo and toothpaste.  KITCHEN USE  - We are sharing our kitchen and kitchenware stuff. Please make sure to take care of them and make sure you clean, dry and put them back where you found them. If you are cooking,",
1012382,Huge 2 BR Upper East  Cental Park,79805143117,verified,Audrey,Manhattan,East Harlem,40.79685,-73.94872,United States,,,moderate,Entire home/apt,2013,$281.00 ,$56.00 ,7,0,,,3,2,347,"No smoking, No pets.  No shoes in the house. Visitors are permitted in the common area only. Please use the dining room to enjoy your meals. Also  refrain using an electronic device while having your meal. Quiet time between 10:00pm-6:00am.",
1012934,Sweet and Spacious Brooklyn Loft,86554611512,verified,Alissa,Brooklyn,Williamsburg,40.71842,-73.95718,United States,,,flexible,Entire home/apt,2016,$477.00 ,$95.00 ,3,9,12/28/2021,0.07,3,1,193,"- No smoking or open flames on the property - Please respect the peace and privacy of our neighbors  - Access Roslindale Urban Wild from street - do not jump backyard fence - Max of 3 occupants, please!",
1013487,CBG CtyBGd HelpsHaiti rm#1:1-4,53754237010,verified,Mary,Brooklyn,Park Slope,40.68069,-73.97706,United States,,,moderate,Private room,2013,$133.00 ,$27.00 ,2,130,7/1/2019,1.09,4,6,54,"Arrival time can be no later than 10:00PM. No visitors allowed at anytime without prior approval. Overnight guests are only allowed as part of the reservation. Never more than 2 people in this room.  No smoking. 11:00 PM is quiet time while watching private room tv is acceptable. No eating meals in the room. It's too small, you'll see what I'm saying, and there's a nice dining table for that. Small snacks are fine. If you cook and/or uses dishes and utensils then please clean them so someone else can use them. Do not leave anything uncleaned in the sink overnight. Shared areas of the home are expected to be maintained after you use them. There are no room services provided other than normal cleaning. Closet and dresser space is provided for your clothes.",
1014039,CBG Helps Haiti Room#2.5,87668933180,,William,Brooklyn,Park Slope,40.67989,-73.97798,United States,,,moderate,Private room,2017,"$1,050.00 ",$210.00 ,1,39,1/1/2019,0.37,3,6,9,,
1014591,CBG Helps Haiti Rm #2,57827496420,unconfirmed,Charlotte,Brooklyn,Park Slope,40.68001,-73.97865,United States,,,strict,Private room,2005,$816.00 ,$163.00 ,2,71,7/2/2019,0.61,4,6,344,We take great care of our home and expect you to do the same.  Smoking is not permitted anywhere on the property.,
1015144,"MAISON DES SIRENES1,bohemian apartment",48387947293,,Miranda,Brooklyn,Bedford-Stuyvesant,40.68371,-73.94028,United States,,,strict,Entire home/apt,2006,"$1,175.00 ",$235.00 ,2,88,6/19/2019,0.73,4,2,372,,
1015696,Sunny Bedroom Across Prospect Park,81686279636,,Carlos,Brooklyn,Windsor Terrace,40.65599,-73.97519,United States,,,moderate,Private room,2021,$530.00 ,$106.00 ,1,19,6/23/2019,1.37,5,2,344,"Quiet neighborhood, middle apartment of big house, quiet after 11:00. No smoking or candles in apartment.  Clean kitchen after use.",
1016248,Magnifique Suite au N de Manhattan - vue Cloitres,38811420224,verified,Adrianna,Manhattan,Inwood,40.86754,-73.92639,United States,,,strict,Private room,2017,$274.00 ,$55.00 ,4,0,,,,1,96,"To treat our home with respect.  No smoking inside but feel free to use the front porch.  The marble in the bathroom is very easily stained. We ask that you limit drinking coffee, red wine, etc to the bedroom.",
1016800,Midtown Pied-a-terre,19382804591,unconfirmed,Andrew,Manhattan,Hell's Kitchen,40.76715,-73.98533,United States,,,moderate,Entire home/apt,2016,$209.00 ,$42.00 ,10,58,8/13/2017,0.49,,1,103,"Please no pets or smoking in the house, though you can go out on a private porch if you must indulge. Feel free to bring food and cook...I love it when guests prepare a meal.   Quiet hours 9PM to 6AM.",
1017353,"SPACIOUS, LOVELY FURNISHED MANHATTAN BEDROOM",51449163855,verified,Daryl,Manhattan,Inwood,40.86482,-73.92106,United States,,,strict,Private room,2021,$432.00 ,$86.00 ,3,108,6/15/2019,1.11,,3,172,"My ideal guests would be warm, friendly, and respectful of sharing my home and it's rhythms. I am allergic to cigarettes, so no smoking please, not even in the yard. A quiet homecoming is much appreciated at the end of the evening's nightlife.",
1017905,Modern 1 BR / NYC / EAST VILLAGE,86424057349,unconfirmed,Tyler,Manhattan,East Village,40.7292,-73.98542,United States,,,flexible,Entire home/apt,2010,$666.00 ,$133.00 ,14,29,4/19/2019,0.24,,1,56,"Just be respectful, clean, and quiet after 10:00PM!",
1018457,front room/double bed,69410526955,unconfirmed,Byron,Manhattan,Harlem,40.82245,-73.95104,United States,,,flexible,Private room,2004,$770.00 ,$154.00 ,3,242,6/1/2019,2.04,,3,105,"No loud noises or loud music. Please help us save the planet by shutting off all the lights when they are not needed. Make sure the coffee maker, toaster and other appliance are off when you leave every morning.  No pets. Remove your shoes and keep them inside the apartment. ABSOLUTELY NO SMOKING is allowed in the house. It is only allowed in the rear part of the building. No wild parties, this is a quiet building. All dishes should ne washed after used. All garbage should be taken out and put in the trash cans in the back porch. And last and not least, ENJOY YOUR STAY WITH US!!",
1019010,Spacious 1 bedroom in luxe building,80369762211,verified,Mary,Manhattan,Harlem,40.81305,-73.95466,United States,,,flexible,Private room,2007,$512.00 ,$102.00 ,2,88,6/14/2019,1.42,,1,169,,
1019562,Loft in Williamsburg Area w/ Roof,50968902783,unconfirmed,John,Brooklyn,Greenpoint,40.72219,-73.93762,United States,,,moderate,Private room,2007,$858.00 ,$172.00 ,4,197,6/15/2019,1.65,,3,383,"LAUNDRY - Laundry can be done by the visitor before 10 pm, preferably on weekends. - Please provide your own detergent and fabric conditioner. Keep the machine clean and remember to clean the filter before and after use. - Please ask hosts to teach you how to operate the machines if you are not familiar with it. - Please limit your load and washes as not to overload the machine. - One wash per week will be ideal. HOUSEKEEPING - The bedrooms shall be kept clean and tidy by the visitor. - Please be respectful of others and keep the bathroom clean ‚Äì do not leave dirty clothes and trash lying around. - Each visitor is responsible for cleaning their own dirty dishes and throwing their own trash in the garbage bin outside. - Please provide your own toiletries such as bath soap, shampoo and toothpaste.  KITCHEN USE  - We are sharing our kitchen and kitchenware stuff. Please make sure to take care of them and make sure you clean, dry and put them back where you found them. If you are cooking,",
1020114,back room/bunk beds,25066620900,verified,Alfred,Manhattan,Harlem,40.8213,-73.95318,United States,,,strict,Private room,2021,$545.00 ,$109.00 ,3,273,7/1/2019,2.37,,3,411,Please no smoking on the property,
1020667,Large B&B Style rooms,57938703679,unconfirmed,Jared,Brooklyn,Bedford-Stuyvesant,40.6831,-73.95473,United States,US,TRUE,strict,Private room,2016,$191.00 ,$38.00 ,1,74,5/12/2019,0.66,,2,76,"No smoking, this is non-negotiable.  No illegal drug use and we make no exceptions.  We do not allow additional guests or parties.  We expect respectful behavior, particularly late at night. We can allow friendly, house- trained dogs.  We have a dog of our own, so its important that your dog be under your charge at all times.  You may not leave your dog in the apartment alone.  You will be responsible for any damage pets may incur, including paying for cleaning of carpets should they be soiled.",
1021219,"Lovely room 2 & garden; Best area, Legal rental",53343148512,verified,Brad,Brooklyn,South Slope,40.66869,-73.9878,United States,US,TRUE,moderate,Private room,2003,"$1,111.00 ",$222.00 ,4,168,6/21/2019,1.41,,3,416,,
1021771,Clean and Quiet in Brooklyn,26207748876,verified,Arthur,Brooklyn,Bedford-Stuyvesant,40.68876,-73.94312,United States,US,FALSE,moderate,Private room,2004,$203.00 ,$41.00 ,60,0,,,,1,294,NO Shoes in the house. This is why my house is so clean!  NO Smoking inside or outside (cigarettes or anything else).  NO Parties (inside or outside). NO pets (inside or out)  This is a nice quiet neighborhood. Please be respectful of others.,
1022323,Cute apt in artist's home,88653822946,verified,Joyce,Brooklyn,Bushwick,40.70186,-73.92745,United States,US,TRUE,moderate,Entire home/apt,2005,"$1,097.00 ",$219.00 ,2,231,6/22/2019,1.96,3,2,214,"Please no shoes inside the house and no  smoking (cigarettes or anything else) either in or outside. Please be respectful of neighbors in the evening and early morning (10pm-7am). When you leave at the end of your stay, please take your trash outside to the large garbage bin at the end of the driveway.",
1022876,Country space in the city,49725315867,verified,Deanna,Brooklyn,Flatbush,40.63702,-73.96327,United States,US,TRUE,strict,Private room,2011,"$1,020.00 ",$204.00 ,1,0,,,3,1,356,"House Guidelines for our BnB We are delighted to welcome you.  Check in Sun ‚Äì Thurs by 8PM and Fri, Sat by 9pm. Please bear in mind that this is not a hotel but our home and we are opening it to you.  We will do our utmost to make your stay enjoyable and fun.  We ask that you take care to respect our home and its appearance.  Thank you.  Marilyn and Alan 1.ROOMS - The bedroom is yours for the duration of your stay.  Be sure to let us know if you need something.  Please keep it neat and tidy and take advantage of the closet and bureau for your belongings.  We do ask that you turn off lights, air conditioner, fan, etc. when you are not in the room. Thank you. 2.LIGHTS ‚Äì Please, too, remember to turn off lights on the stairway when returning.   3.KEYS - 2 house keys are provided - Replacement cost is $15 each 4.PARKING ‚Äì Parking is available on street at all times.   (website hidden) ‚Äì When the weather is inclement please remove shoes.   6.TOILETRIES - If you need them we can provide basi",
1023428,LowerEastSide apt share shortterm 1,31736204344,,Clark,Manhattan,Lower East Side,40.71401,-73.98917,United States,US,TRUE,moderate,Shared room,2012,"$1,010.00 ",$202.00 ,1,214,7/5/2019,1.81,5,4,110,"Not smoking, drugs, or alcoholics allow. Guest most inform the purpose of their trip and provide ID or passport upon arrival. Only 1 gust allow unless the guest consult the host first for any other type of arrangements.",
1023980,ENJOY Downtown NYC!,63131487263,unconfirmed,Byron,Manhattan,East Village,40.7229,-73.98199,United States,US,FALSE,strict,Private room,2005,$563.00 ,$113.00 ,2,245,6/21/2019,2.08,3,2,354,,
1024533,Beautiful Sunny Park Slope Brooklyn,50357575975,verified,Alina,Brooklyn,South Slope,40.66278,-73.97966,United States,US,TRUE,flexible,Entire home/apt,2020,$370.00 ,$74.00 ,3,15,5/27/2019,0.39,2,1,33,"No smoking inside. Since I have a dog, there are no other pets allowed.",
1025085,1bdr w private bath. in lofty apt,45597582469,,Charlie,Brooklyn,Fort Greene,40.69673,-73.97584,United States,US,FALSE,strict,Private room,2008,$687.00 ,$137.00 ,7,25,9/30/2018,0.23,1,1,405,"No smoking, No pets. No shoes in the house. Visitors are permitted in the common area only. Please use the dining room to enjoy your meals. Also please refrain using an electronic device while having your meal. Quiet time between 10:00pm-6:00am.",
1025637,West Side Retreat,55430108992,unconfirmed,Alford,Manhattan,Upper West Side,40.79009,-73.97927,United States,US,FALSE,strict,Private room,2017,$856.00 ,$171.00 ,4,81,6/16/2019,0.69,3,1,86,"Free WiFi! * No smoking anywhere on property. *No out-door shoes to be worn in the house. We ask that guests be willing to be considerate and quiet while coming and going from 10 pm to 6 am, please. This is a non-smoking property. There is no smoking anywhere on the property, inside nor on the porch. We also ask guests to bring inside shoes/slippers. Thank you. As this is our home, we request you not to move the furniture nor our belongings around and to treat our home as you would wish your home to be treated. Thank you.",
1026190,BEST BET IN HARLEM,2107606817,unconfirmed,Chester,Manhattan,Harlem,40.81175,-73.94478,United States,US,TRUE,flexible,Entire home/apt,2006,$62.00 ,$12.00 ,7,97,6/13/2019,0.84,,1,152,- Quiet hours between 10pm-6am - Visitors in common spaces only,
1026742,Entire apartment in central Brooklyn neighborhood.,41615406010,,David,Brooklyn,Prospect-Lefferts Gardens,40.65944,-73.96238,United States,US,FALSE,strict,Entire home/apt,2007,$435.00 ,$87.00 ,,11,6/5/2019,0.49,,1,353,,
1027294,"1 Stop fr. Manhattan! Private Suite,Landmark Block",81253735818,unconfirmed,Victoria,Queens,Long Island City,40.74771,-73.9474,United States,US,TRUE,flexible,Private room,2022,$916.00 ,$183.00 ,,248,7/1/2019,2.25,,1,26,"The room is strictly non-smoking, however, you can smoke in the back porch. No drugs! No visitors without previous authorization. We do prefer adults since the house is not ""child proof"" and, we are full time workers. Babies OK!  Please, keep in mind that, this is not a hotel.  The room should be left in good condition and picked up when you leave.  Longer term renters use of kitchen and other facilities can be arranged.",
1027846,Charming Brownstone 3 - Near PRATT,42134614458,verified,Jared,Brooklyn,Bedford-Stuyvesant,40.68111,-73.95591,United States,US,TRUE,moderate,Entire home/apt,2019,$459.00 ,$92.00 ,,61,5/25/2019,0.52,,1,32,"No smoking, please. No drugs or guns allowed.  Only registered guests allowed; no other visitors please.  We cannot accommodate pets as I already have two. Cat:  OK to let Bella out of the house.  Dog:  Please don't let Moe out of the house. He'd like to run to the street. He is also a bit noisy when visitors arrive. Please say hi and then ignore him and he'll calm down.  No candles or incense burning.  Kitchen:  you are welcome to use kitchen and appliances between 7a and 9p, except no stove use for cooking meals please.",
1028399,bright and stylish duplex,53466382920,verified,Chloe,Brooklyn,Bedford-Stuyvesant,40.68554,-73.9409,United States,US,FALSE,moderate,Entire home/apt,2015,$363.00 ,$73.00 ,,11,1/1/2017,0.1,1,1,85,No smoking. No pet. No shoes in the house. Visitors are permitted in the common area only. Please use the dining room to enjoy your meals. Also please refrain using an electronic device while having your meal. Quiet time between 10:00pm-6:00am.,
1028951,Fort Greene brownstone,49393946881,unconfirmed,Abraham,Brooklyn,Fort Greene,40.69142,-73.97376,United States,US,TRUE,strict,Private room,2009,$212.00 ,$42.00 ,,135,6/17/2019,1.16,1,2,,"We limit number of guests not staying, so please keep it to a maximum of 2 additional visitors within normal social hours (noon-11pm). We are respectful of others, and expect the same from our guests. Have fun and come and go as you please. We promise to do the same.",
1029503,Blue Room for 2 in Brownstone for $1350 monthly,1529890895,unconfirmed,Sophia,Brooklyn,Bedford-Stuyvesant,40.68043,-73.93934,United States,US,FALSE,moderate,Private room,2015,$728.00 ,$146.00 ,,112,6/16/2019,1.01,2,3,,"We regret we cannot accommodate pets.  Strictly no smoking anywhere on the property. Not inside. Not in the yard. Not on the deck or driveway. Like many New England houses, our house is constructed entirely of wood. No smoking please. ",
1030056,Cozy 1BD on Central Park West in New York City,50562514538,unconfirmed,Madaline,Manhattan,Upper West Side,40.78635,-73.97008,United States,US,TRUE,strict,Entire home/apt,2013,$901.00 ,$180.00 ,,73,7/7/2019,0.63,3,1,,No smoking anywhere on the property. Quiet and no noise after 10 pm or before 6 am. No outdoor shoes to be worn in the house. Please respect our home as we would yours. No pets.,
1030608,* ORIGINAL BROOKLYN LOFT *,49585766302,verified,Sawyer,Brooklyn,Williamsburg,40.7042,-73.9356,United States,US,FALSE,flexible,Entire home/apt,2007,$335.00 ,$67.00 ,,82,5/17/2019,0.7,2,1,,,
1031160,Greenpoint Place...Has It All!,52857769781,unconfirmed,Madaline,Brooklyn,Greenpoint,40.73506,-73.95392,United States,US,TRUE,moderate,Entire home/apt,2014,$254.00 ,$51.00 ,,328,6/29/2019,2.82,5,1,,Strictly NO smoking. No loud noises after 10pm.,
1031713,Beautiful Apartment in Manhattan!!!,39829029279,verified,Richard,Manhattan,Kips Bay,40.73961,-73.98074,United States,US,TRUE,moderate,Entire home/apt,2017,$903.00 ,$181.00 ,,19,3/25/2019,0.22,5,1,,"Check-in is at 3pm, and check-out is by 11am. Arriving slightly earlier, or want that extra hour to sleep? Should be fine, but please check with us first. We understand that accidents happen. But we do ask that you please let us know when they do. Chances are we can fix them as effortlessly, as long as we know in advance. No smoking or open flames inside the house. We expect guests to treat the home with respect, it's an old house be kind to her. Whilst we do a thorough professional clean between each guest stay, we kindly ask that prior to leaving, you clean and put away any dishes or kitchenware used and put any dirty towels in the tub in the downstairs bathroom. It helps us get through our cleaning process quicker and allows us to keep cleaning costs down for you and future guests. Return all keys to the lock box at departure.  To keep our costs down (and pass those savings on to our guests) we kindly ask that you switch off lights, the air conditioner or heat when its not in use or",
1032265,Williamsburg 1 bedroom Apartment,84933495312,unconfirmed,Paul,Brooklyn,Williamsburg,40.70881,-73.9593,United States,US,FALSE,moderate,Entire home/apt,2012,$439.00 ,$88.00 ,30,105,6/22/2019,0.9,5,1,,No smoking or pets. Don't forget to recycle.,
1032817,,18424415847,unconfirmed,Carina,Manhattan,Lower East Side,40.72004,-73.99104,United States,US,TRUE,flexible,Private room,2009,"$1,024.00 ",$205.00 ,5,19,5/18/2019,0.17,4,1,,,
1033369,,48877238684,,Sophia,Manhattan,Hell's Kitchen,40.75531,-73.99293,United States,US,TRUE,strict,Private room,2006,$658.00 ,$132.00 ,2,289,6/9/2019,2.49,3,2,,,
1033922,,71987706184,verified,Rosie,Brooklyn,Greenpoint,40.72401,-73.93788,United States,US,FALSE,flexible,Private room,2020,$543.00 ,$109.00 ,4,138,6/4/2019,1.19,1,3,,No smoking.,
1034474,,85649449746,verified,Frederick,Manhattan,SoHo,40.7221,-73.99775,United States,US,TRUE,strict,Entire home/apt,2019,$256.00 ,$51.00 ,30,21,6/29/2019,0.3,5,1,,Quietly please.  I am on the top floor and have people living in the condo below me.  Thanks!!,
1035026,,22028915442,,Agata,Brooklyn,Williamsburg,40.71185,-73.96204,United States,US,FALSE,moderate,Private room,2012,$294.00 ,$59.00 ,2,42,6/30/2019,0.38,3,1,,I expect them to come and go quietly and to let me know their schedule as soon as they know it. During the week people need to check in before 8AM or after 6PM,
1035579,,51930287368,unconfirmed,George,Manhattan,Chelsea,40.74623,-73.9953,United States,US,TRUE,moderate,Entire home/apt,2004,$779.00 ,$156.00 ,180,5,11/3/2018,0.12,2,1,,,
1036131,,85658272266,unconfirmed,Kelsey,Manhattan,Upper East Side,40.77065,-73.95269,United States,US,FALSE,strict,Entire home/apt,2020,$653.00 ,$131.00 ,2,66,3/30/2019,0.57,5,2,,"Thank you for your interest- we look forward to hosting you!  We are looking for friendly, courteous guests who will be respectful of our home.  No parties.  No smokers please. Please be aware of usual check-in time of 6p (or after) and check-out time of 4p (or earlier).  There might be flexibility on some days so feel free to ask before booking.   The studio is private with its own bulkhead entrance.  Microwave and fridge but no stove. We want to make sure our place is a good fit for you so feel free to read our reviews or contact us if you have questions! Danielle and Peder",
1036683,,91715353208,,Sabrina,Brooklyn,Prospect Heights,40.67811,-73.96428,United States,US,TRUE,flexible,Entire home/apt,2012,$303.00 ,$61.00 ,30,143,1/26/2019,1.33,1,2,,No smoking indoors,
1037236,Double Room w Private Deck Clinton Hill Best Area,71078326464,unconfirmed,William,Brooklyn,Clinton Hill,40.69,-73.96788,United States,US,FALSE,flexible,Private room,2010,$825.00 ,$165.00 ,7,27,9/30/2017,0.23,2,2,,,
1037788,Your Heaven in Hells Kitchen,20543275700,verified,Melissa,Manhattan,Hell's Kitchen,40.75979,-73.99119,United States,US,FALSE,strict,Private room,2013,$646.00 ,$129.00 ,30,191,,1.65,1,1,,,
1038340,Light-filled 2B duplex in the heart of Park Slope!,42969787263,verified,Ellia,Brooklyn,Park Slope,40.67343,-73.98338,United States,US,FALSE,flexible,Entire home/apt,2006,"$1,037.00 ",$207.00 ,3,4,9/24/2017,0.16,3,1,,"We are both professionals who, while friendly and definitely social, like to sleep when we get the chance. We expect our guests to be respectful of the space, and I promise we will do the same! No smoking in the house, please!",
1038892,"Sunny, Modern room in East Village!",79667908130,unconfirmed,Walter,Manhattan,East Village,40.72649,-73.97904,United States,US,FALSE,strict,Private room,2015,$87.00 ,$17.00 ,1,338,7/1/2019,4.72,3,2,,,
1039445,*HAVEN LOFT - Entire Floor - Six Windows - Bricks*,19095545297,unconfirmed,Sawyer,Brooklyn,Williamsburg,40.70933,-73.96792,United States,US,TRUE,moderate,Entire home/apt,2007,$316.00 ,$63.00 ,1,148,6/23/2019,1.4,1,1,,,
1039997,Large Room in Amazing East Village Apt,58710475260,unconfirmed,Valeria,Manhattan,East Village,40.72298,-73.98474,United States,US,TRUE,flexible,Private room,2017,$735.00 ,$147.00 ,1,106,6/21/2019,1.26,3,2,,"I feel very responsible and accountable for your needs and comfort while you stay at my home... I will go above and beyond for you!  That being said -- I do not charge hotel pricing for a reason. Hotels allow for 24 hour on call service, if you lock yourself out or are having trouble with something... a hotel front desk can help immediately. Your $300 a night for a hotel in Boston covers that.... I am charging almost a 10th of that for this room. I have my own business, clients, and social obligations to attend to. If you lock yourself out or have some other issue, of course I will come help you, but its important to understand that it will not be immediate. I will do my best to get back to the house as quickly as possible. ***IMPORTANT** I'd rather save you all the money and trust you to be independent / responsible guests... than to charge you for my 24 hour support! So please -- keep your keys on hand and in sight, keep the room clean, and maintain healthy choices while in my space",
1040549,SpaHa Loft: Enormous and Bright,27952493551,,Adelaide,Manhattan,East Harlem,40.80164,-73.93922,United States,US,FALSE,flexible,Entire home/apt,2017,$524.00 ,$105.00 ,4,190,6/23/2019,1.64,4,1,,,
1041102,Lovely EV Artist's Home,90314634438,unconfirmed,Reid,Manhattan,East Village,40.72162,-73.98008,United States,US,FALSE,moderate,Entire home/apt,2019,$238.00 ,$48.00 ,9,49,5/14/2018,0.43,3,1,,"These are prohibited: -No Smoking -No Pets -No Bed Bugs-  (If you have any suspicion that you have been in a place that has bed bugs, please do not come to our home.) A full refund will be offered. Bedrooms: -Leave the room in the same condition that you found it.  -""Sleeping"" quiet hours are from 9:00PM to 9:00AM.  At all other times, both guests and hosts will be considerate of noise. -The bedroom is your personal space while you are a guest here.   We will not tamper with any of your belongings without your permission. -As hosts, we reserve the right to pass through the upstairs bedroom to access the storage closet.  We will only access this with the guest's permission or if the guest is not inhabiting the space. Common Spaces: -Guests can use the ""Orange Room."" -Guests can use the Living Room. Kitchen: -Guests can warm up food in the microwave. -Guests can store food in the fridge. A key can be issued to a guest, to be returned upon departure.   If something breaks: If something br",
1041654,Cool Room in Hell's Kitchen,44843744875,verified,Charlie,Manhattan,Hell's Kitchen,40.76342,-73.98865,United States,US,FALSE,moderate,Private room,2017,$603.00 ,$121.00 ,7,23,6/1/2019,0.43,3,1,,,
1042206,"HARLEM, NEW YORK WELCOMES YOU!!",98195975718,,Violet,,Washington Heights,40.83139,-73.94095,United States,US,TRUE,moderate,Private room,2011,$571.00 ,$114.00 ,2,49,6/18/2019,1.6,2,2,,The usual courtesies apply: - No smoking - No overnight guests unless part of the reservation - Be reasonably quiet after 10 at night,
1042759,BLUE TRIM GUEST HOUSE,4726877402,unconfirmed,Audrey,,Clinton Hill,40.68346,-73.96374,United States,US,TRUE,strict,Private room,2014,$398.00 ,$80.00 ,2,105,6/26/2019,0.92,1,1,,"Shoes off please Cat can go in or out as he desires, don't worry if you let him out No smoking No drugs or excessive alcohol No pets Please do not light candles We will provide a small basket for your toiletries to bring to and from the bathroom. Please discuss any guests you bring into the household beyond those on the reservation with Orion. No excessive noise and conversations, particularly in the stairwell. Please do not use space in the kitchen unless you have coordinated with Orion or Hannah. Please do not adjust shower head in bath room. We provide eco friendly cleaning  supplies if you want to clean beyond our regular cleaning schedule.  Please do not use bleach, or clorox.",
1043311,Charming East Village One Bedroom Flat,74322993447,verified,Violet,,East Village,40.72828,-73.98801,United States,US,FALSE,strict,Entire home/apt,2018,$618.00 ,$124.00 ,5,21,1/2/2019,0.2,4,1,,no smoking quiet,
1043863,Manhattan Room,11468499446,verified,Sofia,,Upper East Side,40.76865,-73.95058,United States,US,FALSE,strict,Private room,2007,$116.00 ,$23.00 ,1,142,7/6/2019,1.5,4,1,,"I'm a semi kosher vegetarian which means that I don't bring any pork or shelled fish into the house.  Chicken/Red meat is fine. Please confirm in your message that you're ok with this ""house rule.""",
1044415,Little King of Queens,68599531533,unconfirmed,Melanie,,Woodside,40.75038,-73.90334,United States,US,TRUE,flexible,Private room,2012,$54.00 ,$11.00 ,30,25,,0.22,2,1,,No Street Shoes allowed in House. No cooking Keep rooms Neat and Clean,
1044968,Fort Greene Retreat on the Park,43811392937,,Lenny,Brooklyn,Fort Greene,40.6932,-73.97267,United States,US,TRUE,flexible,Private room,2013,$744.00 ,$149.00 ,3,143,6/16/2019,1.28,2,1,,,
1045520,Beautiful Meatpacking District Loft,6644226026,unconfirmed,Eddy,Manhattan,Chelsea,40.74138,-74.00197,United States,US,TRUE,strict,Private room,2011,"$1,065.00 ",$213.00 ,3,167,5/28/2019,1.65,4,1,,,
1046072,,73077753757,verified,Arthur,Brooklyn,Williamsburg,40.71154,-73.96112,United States,US,FALSE,moderate,Private room,2017,"$1,057.00 ",$211.00 ,3,61,4/22/2019,0.54,3,4,,No smoking.  One's home is their sanctuary. Please treat mine with care. I've worked hard for it and try to make it as pleasant as possible for guests to stay.  :),
1046625,Spacious luminous apt Upper West NYC,97798221815,verified,Alisa,Manhattan,Harlem,40.82915,-73.95136,United States,US,TRUE,flexible,Entire home/apt,2005,"$1,056.00 ",$211.00 ,31,54,3/23/2019,0.49,3,1,,You may come and go as you please.  No smoking is allowed in the house.,
1047177,Entire 2 Bedroom - Large & Sunny,54627928830,verified,Edgar,Manhattan,Lower East Side,40.71851,-73.98892,United States,US,FALSE,moderate,Entire home/apt,2017,$909.00 ,$182.00 ,5,70,,0.62,4,1,,No smoking. We kindly ask for taxis or other rides to call and not use a horn as this is a quiet neighborhood.,
1047729,"Sunny, Spacious Top Floor Haven",88585125323,verified,Justin,Brooklyn,Flatbush,40.65401,-73.96323,United States,US,TRUE,moderate,Entire home/apt,2017,$586.00 ,$117.00 ,6,16,6/15/2019,0.15,4,1,,,
1048282,Private room Great Deal at Lower East Side,15834881958,unconfirmed,Violet,Manhattan,Lower East Side,40.7114,-73.98794,United States,US,TRUE,strict,Private room,2013,$575.00 ,$115.00 ,30,94,4/8/2019,0.84,3,1,,- Please be careful when coming and going so not to let the cat out. He is usually very curious to leave! - Please keep the noise down from 10pm until 8am. - Guests are not allowed to have other guests come over. - Please be considerate and treat our home,
1048834,perfect for a family or small group,34333762709,unconfirmed,Sienna,Brooklyn,Brooklyn Heights,40.69723,-73.99268,United States,US,FALSE,strict,Entire home/apt,2013,$292.00 ,$58.00 ,1,25,8/4/2016,0.24,3,1,,,
1049386,2 bedroom Williamsburg Apt - Bedford L stop,76203104999,verified,Lucy,Brooklyn,Williamsburg,40.71833,-73.95748,United States,US,TRUE,strict,Entire home/apt,2007,$194.00 ,$39.00 ,3,61,8/9/2018,0.53,4,1,,"Sorry, no smoking. You'll be sharing the house, so consideration is a must, e.g. quiet hours are 10pm-6:30am.",
1049938,Oh glorious spring!,7693754055,unconfirmed,Ellia,Manhattan,East Village,40.72334,-73.9844,United States,US,FALSE,flexible,Private room,2022,$123.00 ,$25.00 ,3,194,6/30/2019,1.73,2,1,,Rules are to respect everyone in the home and keep the place clean as is found.,
1050491,Great Location for NYC,65444463877,,Emma,Manhattan,East Village,40.72912,-73.98057,United States,US,FALSE,strict,Private room,2004,"$1,079.00 ",$216.00 ,1,2,2/14/2016,0.05,5,1,,I just ask that you clean after yourself if you use the kitchen.,
1051043,Cozy Bedroom in Williamsburg 3 BR,14067827221,unconfirmed,Lilianna,,Williamsburg,40.71156,-73.96218,United States,US,FALSE,moderate,Private room,2015,$266.00 ,$53.00 ,3,174,6/22/2019,1.54,5,4,,Dryer and Washing Machine are in Basement (1.00 each) Please pick up after yourself :),
1051595,Sunny room+Pvte office in huge loft,12884105458,,Albert,,Bushwick,40.70032,-73.9383,United States,US,FALSE,moderate,Private room,2012,$728.00 ,$146.00 ,4,24,,0.28,5,1,,"To enjoy, relax, feel safe and cozy. Also, keep the place clean and quiet in the evening.",
1052148,Spacious Prospect Heights Apartment,63218812094,unconfirmed,Sarah,,Prospect Heights,40.68233,-73.97261,United States,US,FALSE,flexible,Entire home/apt,2021,$583.00 ,$117.00 ,4,166,6/27/2019,3.4,2,1,,We ask that guests be respectful as there are others living in the home. NO smoking or pets please.,
1052700,"Large Parlor Room, Landmark Home 1 block to PRATT",89635238032,unconfirmed,Rubie,Brooklyn,Clinton Hill,40.68634,-73.966,United States,US,TRUE,moderate,Private room,2012,$51.00 ,$10.00 ,7,16,5/31/2019,0.2,,6,,"House rules are just common sense; especially take care not to be too noisy for the neighbors. Also no smoking inside. Also I'm quite attached to the Rietveld chair, so be careful with it :).",
1053252,2-bed brownstone duplex + garden,40398018895,unconfirmed,Alfred,Brooklyn,Prospect Heights,40.68035,-73.97162,United States,US,FALSE,moderate,Entire home/apt,2018,$588.00 ,$118.00 ,7,21,5/21/2019,0.3,,1,,No smoking in the building no partying in building ,
1053805,Charming 1 bed GR8 WBurg LOCATION!,85349309260,,Chester,Brooklyn,Williamsburg,40.70984,-73.95775,United States,US,FALSE,moderate,Entire home/apt,2010,$360.00 ,$72.00 ,5,168,7/22/2018,1.57,,1,82,"No pets.  Sorry, it takes too long to clean. No smoking. Same reason. No open flames (candles, etc) Unless it is a birthday cake.  No smoking inside the building or outside on the property. $10,000 fine from management billed to guest if you smoke inside the property.  Quiet hours 11 p.m. -7 a.m. (Inside and outside of the property.) Parties are okay, but please respect the other tenants. This may be your vacation, but they have to go to work.  Other tenants are flexible, but they also like to sleep.",
1054357,,43086080920,verified,Joyce,Brooklyn,Bushwick,40.70093,-73.92609,United States,US,TRUE,strict,Entire home/apt,2011,$380.00 ,$76.00 ,,118,6/18/2019,1.05,,2,92,,
1054909,,8644470108,verified,Sydney,Manhattan,Upper West Side,40.79764,-73.96177,United States,US,TRUE,strict,Entire home/apt,2017,$343.00 ,$69.00 ,,,7/7/2019,0.71,,1,55,We ask that guests be respectful and considerate of the family members who live in the home. NO smoking or pets please.,
1055461,,2531706698,,Victoria,Manhattan,Harlem,40.82803,-73.94731,United States,,,flexible,Private room,2021,$160.00 ,$32.00 ,,1,10/9/2018,0.11,,1,158,House should be left as tidy as you found it. No extra guests.,
1056014,,31493374340,verified,,Manhattan,Chelsea,40.74008,-74.00271,United States,,,moderate,Private room,2022,$528.00 ,$106.00 ,,30,5/1/2019,0.27,,2,64,,
1056566,,47504416702,unconfirmed,,Brooklyn,Bedford-Stuyvesant,40.68413,-73.92357,United States,,,moderate,Entire home/apt,2009,$739.00 ,$148.00 ,,139,10/28/2018,1.23,,2,184,"Terms of the Agreement:  1. The Landlord has the right to inspect the premises without prior notice at any time to enforce the terms of this agreement. Guest shall allow Landlord may have access to the premises for purposes of repairs and inspection. Should the Tenants violate any of the terms of this agreement, the rental period shall be terminated immediately. The Tenants waive all rights to process if they fail to vacate the premises upon termination of the rental period. The Tenants shall vacate the premises at the expiration time and date of this agreement. Homeowner shall exercise the right of access in a reasonable manor. 2. The Tenants shall maintain the premises in a good, clean, condition, and use the premises only in a careful and lawful manner. Cleaning is included if you leave the place like it is found, except beds. All pots, pans, dishes put away etc. If not left clean there will be a cleaning charge. Tenants shall pay for maintenance and repairs should the premises be l",
1057118,loft bed - near transportation-15min to times sq,71312861184,unconfirmed,Edgar,Manhattan,Harlem,40.82279,-73.95139,United States,,,flexible,Private room,2013,$913.00 ,$183.00 ,,11,,0.87,,3,201,Smoke-free house.,
1057671,House On Henry (3rd FLR Suite),66356095263,unconfirmed,Albert,Brooklyn,Carroll Gardens,40.67967,-74.00154,United States,,,flexible,Entire home/apt,2006,$507.00 ,$101.00 ,,233,6/24/2019,2.09,,3,328,"You can smoke on the back porch.  Smallish, well-behaved dogs are welcome.",
1058223,Monkey Retreat Manhattan,62028601494,verified,Kelsey,Manhattan,Washington Heights,40.83927,-73.94281,United States,,,strict,Private room,2007,$306.00 ,$61.00 ,,68,1/2/2022,0.6,,1,393,Not many rules except there is no smoking,
1058775,2000 SF 3br 2bath West Village private  townhouse,90570445423,verified,Adelaide,Manhattan,West Village,40.73096,-74.00319,United States,,,strict,Entire home/apt,2012,"$1,078.00 ",$216.00 ,,46,5/18/2019,0.55,2,2,96,"Please keep common areas clean and do your dishes as you use them. Please respect quiet hours from 11pm to 8am.  I appreciate your respect for my belongings and keeping books, records, etc here in the home.  Please keep out of my bedroom, hall closets, and the meditation room.  I have one female indoor cat who is not to be let outside or into the basement.  If you are a smoker I ask that you do so outside. The backyard has lots of seating and the front stoop is nice to watch the world go by.",
1059328,"Williamsburg‚ÄîSteps To Subway, Private Bath&Balcony",14752755860,verified,April,Brooklyn,Williamsburg,40.71332,-73.94177,United States,,,moderate,Private room,2004,$887.00 ,$177.00 ,,335,5/29/2019,3.02,1,1,61,"No smoking, no pets, and, please, respect our need for quiet after 10 pm.  The walls are thick, so reasonable noise after 10 will not travel beyond your room.",
1059880,Beautiful Duplex Apartment,74182934364,verified,Lilianna,Brooklyn,Park Slope,40.66941,-73.98109,United States,,,moderate,Entire home/apt,2008,$243.00 ,$49.00 ,30,88,11/2/2018,0.79,2,1,267,,
1060432,Large 2 Bedroom Great for Groups!,94662871331,unconfirmed,Tess,Brooklyn,Bedford-Stuyvesant,40.68373,-73.92377,United States,,,flexible,Entire home/apt,2016,$500.00 ,$100.00 ,90,162,6/28/2019,1.46,3,2,189,"- Thanks for not smoking and leaving your pets at home! Thanks for keeping the house locked. Thanks for not throwing big parties, small dinner parties or bbq is fine. And... all of the usual stuff that is just good common sense like returning the apartmen",
1060984,"Modern Brooklyn Apt., August sublet",38981444696,unconfirmed,Ned,Brooklyn,Williamsburg,40.71459,-73.94844,United States,US,FALSE,strict,Entire home/apt,2017,$589.00 ,$118.00 ,30,29,5/26/2018,0.4,1,1,83,"This is a pretty quiet house in a residential neighborhood, so please be respectful of noise. No overnight guests without prior arrangements being made.",
1061537,"1,800 sq foot in luxury building",18044628997,unconfirmed,Emma,Manhattan,Harlem,40.8092,-73.94421,United States,US,TRUE,flexible,Private room,2005,$839.00 ,$168.00 ,2,170,6/23/2019,1.61,1,1,258,"No smoking, drugs, loud volume, loud partying please. No outdoor shoes inside the house please, indoor slippers are provided. I don't charge cleaning fee so please help me keep the place clean and organized by cleaning up after yourself, thank you.",
1062089,Sunny 2-story Brooklyn townhouse w deck and garden,85201462079,verified,Alen,Brooklyn,Gowanus,40.68157,-73.98989,United States,US,FALSE,strict,Entire home/apt,2011,$528.00 ,$106.00 ,30,19,3/17/2017,0.2,2,1,400,We ask that guest DO NOT host any additional guest. NO partying or loud music.  Please DO NOT interact with other tenants on property.  There is ABSOLUTELY NO smoking allowed on the property. NO pets allowed. ,
1062641,"Times Square, Safe, Clean and Cozy!",61210263217,unconfirmed,Kevin,Manhattan,Hell's Kitchen,40.75527,-73.99291,United States,US,TRUE,strict,Private room,2014,$66.00 ,$13.00 ,2,334,6/16/2019,3,1,2,34,You will be very comfortable in our home but we ask that guests are respectful of the artwork that we have as we want to keep the place a fun place to hang out!  Please no smoking.,
1063194,"Cozy Room #3, Landmark Home 1 Block to PRATT",85719117699,unconfirmed,Miller,Brooklyn,Clinton Hill,40.68698,-73.96572,United States,US,TRUE,flexible,Private room,2014,$761.00 ,$152.00 ,2,19,6/2/2019,0.2,4,6,203,"No smoking in the apartment, even with the windows open. No excessive cologne/perfume. Please take off your shoes on the landing and don't wear any outdoor shoes inside. No food in the bedrooms, please. No food or drinks in the music room. Be considerate of the neighbors; no excessive noise, and keep quiet after 9pm. Please tell me if anything gets broken in the apartment. Talk to me first if you want to hold Yggy. Don't open the terrarium before we talk. No overnight guests without clearing with me first.",
1063746,Beautiful Apartment East Village,95420528585,verified,Penelope,Manhattan,East Village,40.7288,-73.98192,United States,US,TRUE,flexible,Entire home/apt,2007,$523.00 ,$105.00 ,7,12,,0.13,5,1,35,"Guests are expected to be respectful, kind, neat, and reasonably quiet. Loud noise and heavy footsteps do travel from the second floor to the downstairs neighbors, so please be nice and don't stomp or yell.   No open flames and absolutely no smoking. Be respectful of what is in the house. Do not invite over others who are not in the plan. Thank you! ",
1064298,Park Slope Green Guest House,56820832918,,Rosie,Brooklyn,South Slope,40.66853,-73.98912,United States,US,TRUE,strict,Entire home/apt,2004,$631.00 ,$126.00 ,30,467,12/30/2018,4.22,3,2,280,,
1064851,2 BR / 2 Bath Duplex Apt with patio! East Village,63842204720,,Olivia,Manhattan,East Village,40.7254,-73.98157,United States,US,FALSE,flexible,Entire home/apt,2008,$677.00 ,$135.00 ,2,7,8/9/2017,0.06,5,,417,"No smoking or drugs anywhere on property; no pets; no unauthorized guests. We expect guests to be respectful of our property and the neighborhood. Please remove shoes in downstairs entryway. Please confine eating to the kitchen area. Upon check out, please leave the apartment as close to how you found it as possible. Thank you!",
1065403,NYC fabulous views Manhattan's eye,14374368872,,Paige,Manhattan,Kips Bay,40.74294,-73.98009,United States,US,TRUE,flexible,Entire home/apt,2008,$574.00 ,$115.00 ,5,38,12/2/2015,0.38,3,,162,"I'm looking only for mature guests who would treat my home as you would your own. No smoking and no parties. This is a friendly and quiet neighborhood and the ideal guest will be the same. CHECK-OUT You don't need to clean the house, but anything you can do to make the cleaning person's job more straightforward (like throwing away any perishable food you didn't eat), would be much appreciated! SLEEPING ARRANGEMENTS There are two bedrooms so two couples will fit perfectly. I can accommodate larger groups (up to six), but those people will have to sleep on (very comfy) blow up beds that you put either in the dining room or one of the bedrooms. Sleeping masks advised for anyone who decides to sleep on an air mattress in the dining room.",
1065955,2 story family home in Williamsburg,40328778117,,Agata,Brooklyn,Williamsburg,40.71942,-73.95748,United States,US,TRUE,flexible,Entire home/apt,2003,$232.00 ,$46.00 ,3,324,6/23/2019,3.01,,,169,"No pets No Smoking indoors Please be respectful of my neighbors both inside and outside my home. This means limiting noise after hours, avoiding playing loud music, etc. Please clean up and take out the trash when you leave",
1066507,,87894881413,,David,Manhattan,Upper West Side,40.77823,-73.97637,United States,US,FALSE,strict,Entire home/apt,,"$1,154.00 ",$231.00 ,6,27,4/27/2019,0.27,,,237,"This is our family home, not a rental that we manage, so we expect you to treat it as you would your own home.",
1067060,Great Large 1 BR apt  in East Village!,27506185339,,Adelaide,Manhattan,East Village,40.72555,-73.97965,United States,US,FALSE,strict,Entire home/apt,,$737.00 ,$147.00 ,1,115,6/7/2019,1.05,,,242,"Please pick up after yourself if you use the kitchen or other common areas, keep noise down at night, and, sorry, no smoking.  We're looking forward to having you!",
1067612,Eveland Private Bed & Living Room w/ Own Entrance,25474679480,,Fenton,Brooklyn,South Slope,40.66831,-73.98604,United States,US,TRUE,moderate,Private room,,$456.00 ,$91.00 ,2,354,5/20/2019,3.2,,,227,"- There is no dedicated parking spot for this apartment. Use the abundant street parking. - This is a quiet residential neighborhood. No late loud partying allowed. - It's the first (bottom) floor, please do not meander to upper floors and be courteous to",
1068164,Sugar Hill Rest Stop,81078988196,,Madaline,Manhattan,Harlem,40.82754,-73.94919,United States,US,TRUE,moderate,Entire home/apt,2005,$291.00 ,$58.00 ,2,195,7/1/2019,2.03,,,173,My cat is outdoor/indoor so he comes and goes. We are pretty quiet except the occasional radio news in the late morning.,
1068717,3 Story Town House in Park Slope,9853816495,,Darcy,Brooklyn,South Slope,40.66499,-73.97925,United States,US,TRUE,strict,Entire home/apt,2021,$996.00 ,$199.00 ,2,16,12/30/2018,0.24,,,146,,
1069269,apartment next to Central park,65890112273,,Aida,Manhattan,Upper West Side,40.77842,-73.97556,United States,US,TRUE,flexible,Entire home/apt,2008,$788.00 ,$158.00 ,7,13,6/26/2019,0.12,,,243,"We plan to treat you politely, warmly, and with respect during your visit. We hope you will do the same! We do not smoke in the house and we do no have animals in the house. We have upstairs and downstairs neighbors, and we thank you for treating them kindly during your stay.",
1069821,East Village Sanctuary,21125900343,unconfirmed,Jasmine,Manhattan,East Village,40.72245,-73.98527,United States,US,TRUE,flexible,Entire home/apt,2013,"$1,105.00 ",$221.00 ,4,25,12/10/2021,0.23,1,,425,Please be respectful of my things! I have a lot of stuff that I have collected over the years. Absolutely NO smoking and NO parties  This is a really relaxing space and the neighbors are all really cool.  -Pets are allowed -Please clean after yourself and dispose of the trash properly,
1070374,Large 1  BR in a 3 BR Brooklyn apt. next to Q Trn.,63113999922,verified,Robert,Brooklyn,Prospect-Lefferts Gardens,40.65593,-73.96053,United States,US,TRUE,moderate,Private room,2015,"$1,109.00 ",$222.00 ,2,9,10/5/2018,0.08,4,,113,"This room is the perfect fit for you if you're looking for a cheap and quick few night stay! The house is laid back - smoking is allowed on the back porch, you will have access to use our refrigerator - but please bring your own food, towels will be provided, the kitchen is stocked with appliances as well. Because the space is shared with other roommates expect you may see them and keep noise and interaction to a respectful level :)",
1070926,Modern Apt with Spectacular Views,96956465387,verified,Lucas,Brooklyn,Williamsburg,40.71923,-73.96468,United States,US,TRUE,strict,Private room,2004,$659.00 ,$132.00 ,1,9,9/18/2021,0.08,4,,260,- NO parties or events. -NO smoking inside. You are welcome to smoke outside. -We ask guests to maintain a low noise level after 10pm and be respectful of noise levels during the day. You are welcome to have a few friends over for dinner but no loud music,
1071478,Garden studio in the Upper East Sid,77172555024,unconfirmed,Miller,Manhattan,Upper East Side,40.778,-73.94822,United States,US,FALSE,strict,Entire home/apt,2007,$571.00 ,$114.00 ,5,21,8/15/2024,0.19,4,,395,"Dear Guests, Welcome to 62 Cornwall St! I hope you will enjoy your stay in Boston. General -No Smoking -You may use the washer in the laundry room. The turn-on button of dryer is broken, so it is hard to turn it on, but it is working. I usually hang clothes on hangers, they dry fairly quickly that way. -You may use the piano if you play piano.  -Please be extra careful with the floor downstairs. It is very easily scratched! -You may use the grill, but be extra careful! After use, turn off the gas on the propane tank, not only on the grill! -Please  refrain from loud talking/partying on the patio after 10 p.m.  Check  in/out: -The code for the lockbox is 1685  -When you arrive, please remove the keybox. -When you leave, place the key on the kitchen table, do not put it back in the keybox. -Please check out by 11 a.m. on your last day. The cleaners will arrive shortly after that, to prepare for the next guests potentially arriving at 3 p.m.  Internet: -WIFI: (PHONE NUMBER HIDDEN)  -WEP:",
1072030,Secluded Master Bedroom in Beautiful Huge Apt,44493053522,verified,Dexter,Manhattan,Washington Heights,40.85879,-73.93128,United States,US,TRUE,flexible,Private room,2010,$736.00 ,$147.00 ,15,36,8/17/2017,0.33,5,,266,No shoes and no smoking inside please. No smoking on the porches or around the house. The neighbors below us have a young child with severe asthma. ,
1072583,B & B Room 1,46312284523,verified,Darcy,Brooklyn,Bedford-Stuyvesant,40.68332,-73.9547,United States,US,TRUE,moderate,Private room,2013,$946.00 ,$189.00 ,3,63,5/14/2019,0.58,1,,58,No smoking. And preferably no cats. dogs welcome.,
1073135,ACCOMMODATIONS GALORE #1,90525781448,unconfirmed,Daniel,Manhattan,Harlem,40.81618,-73.94894,United States,US,TRUE,flexible,Entire home/apt,2005,$449.00 ,$90.00 ,3,155,6/20/2019,1.42,3,3,410,Tenant Agreement: House Rules: The landlord reserves the right to inspect the unit to enforce the terms of this agreement at any time. No smoking. No parties. No pets. Reduced noise after 11pm. No sublet. No more than eight people to reside on premises unless given written approval.  No refunds to be given for shortened stays.  No refunds to be given for any cable or internet WI-FI outages.  You are responsible for safe keeping of your own valuables. The landlord is not responsible for lost items.,
1073687,Sunny Room in New Condo,35058485479,verified,Victoria,Brooklyn,Clinton Hill,40.68414,-73.96351,United States,US,FALSE,moderate,Private room,2018,$930.00 ,$186.00 ,3,260,7/3/2019,2.35,4,1,388,"Please leave your shoes in the entranceway.  I will leave the house sparkly clean for you and hope that youll do the same for me. ;) If you are a smoker you are welcome to use either the back porch or roofdeck.  There is an ashtray on the back porch.  Please be considerate of neighbors with outdoor noise levels. Congrats! You get to be surrogate parents to the other residents of 9 mark st, Turtle and Froggy, my cats.  Ill leave plenty of food for them but you are responsible for feeding them.... and they will thank you with lots of purring and snuggly lap time.",
1074240,Stylish & Sleek Apartment Near SoHo!,24559680874,verified,Brooke,Manhattan,East Village,40.72392,-73.99143,United States,US,FALSE,strict,Entire home/apt,2006,$329.00 ,$66.00 ,5,73,6/25/2019,0.66,4,1,13,There are two other units in the same building and we respect each other with noise.  Guests are asked not to have loud music or any parties. We don't charge a cleaning fee so please leave the house in good shape when you leave.  Please load the dishwasher and run it prior to departing. Thank you!,
1074792,NYC artists‚Äô loft with roof deck,48867545848,verified,Lilianna,Brooklyn,Greenpoint,40.73494,-73.9503,United States,US,FALSE,flexible,Private room,2006,"$1,125.00 ",$225.00 ,3,193,5/20/2019,1.86,2,1,62,,
1075344,Unique & Charming small 1br Apt. LES,77518406270,unconfirmed,,Manhattan,Lower East Side,40.71341,-73.98856,United States,US,FALSE,moderate,Entire home/apt,2013,"$1,099.00 ",$220.00 ,3,32,6/14/2019,0.29,5,1,62,,
1075897,Most Central Location!,53246473793,unconfirmed,,Manhattan,Hell's Kitchen,40.76754,-73.98399,United States,US,FALSE,strict,Private room,2013,$256.00 ,$51.00 ,2,50,5/26/2019,0.45,2,3,366,"Please be respectful of my things! I have a lot of stuff that I have collected over the years. Absolutely NO smoking.  This is a really relaxing space and the neighbors are all really cool.  -Pets are allowed -If you cook, please clean after yourself and make proper use of the garbage disposal.",
1076449,,80835835733,unconfirmed,,Manhattan,West Village,40.73442,-74.00303,United States,US,FALSE,strict,Entire home/apt,2013,$263.00 ,$53.00 ,29,26,7/1/2019,0.25,5,1,338,"Please reserve for yourself rather than for someone else. Air B&B has this as a basic requirement so the host than look at reviews of the guest, not of the person making the reservation. You can smoke on the back porch.  Well-behaved, non-barky, friendly dogs are welcome to sleep on the floor or in their own dogbed.",
1077001,Sanctuary in East Flatbush,41763838164,unconfirmed,Anna,Brooklyn,Flatlands,40.63188,-73.93248,United States,US,TRUE,moderate,Private room,2020,$96.00 ,$19.00 ,2,2,1/1/2019,0.02,4,1,334,"Please clean after yourself, wipe spilled water after using the bathroom, do not smoke in the apartment and treat the place as you would treat your home! Please let us know about pets or service animals in advance.",
1077553,Room with En Suite Bathroom & Deck,80213101260,verified,Dominik,Brooklyn,Clinton Hill,40.6873,-73.9634,United States,US,TRUE,strict,Private room,2021,"$1,192.00 ",$238.00 ,,426,6/24/2019,3.89,3,3,92,No Smoking No Pets No Parties but few friends always welcome Its a private space but keep sounds moderate for neighbors and me,
1078106,FLAT MACDONOUGH,12359551036,unconfirmed,Frederick,Brooklyn,Bedford-Stuyvesant,40.68296,-73.93662,United States,US,FALSE,flexible,Entire home/apt,2010,$593.00 ,$119.00 ,,227,6/23/2019,2.09,5,2,-10,,
1078658,Huge Private  Floor at The Waverly,6534696854,verified,Adrian,Brooklyn,Clinton Hill,40.6863,-73.96765,United States,US,TRUE,flexible,Private room,2012,$490.00 ,$98.00 ,,84,,0.77,2,3,378,,
1079210,"Modern Greenpoint, Brooklyn Apt",63891709973,verified,Martin,Brooklyn,Greenpoint,40.73409,-73.95348,United States,US,FALSE,moderate,Entire home/apt,2016,$488.00 ,$98.00 ,,,,0.03,4,1,325,,
1079763,"Sun-drenched, artsy modernist 1 BDRM duplex",83716006050,unconfirmed,Kellan,Brooklyn,Williamsburg,40.71561,-73.94835,United States,US,TRUE,moderate,Entire home/apt,2004,$658.00 ,$132.00 ,,10,,0.1,5,1,-2,Quiet after 11pm.  Other guests sleeping.,
1080315,"Sunny, Cobble Hill Apartment",82129516523,unconfirmed,Hailey,Brooklyn,Cobble Hill,40.6857,-73.99183,United States,US,FALSE,flexible,Entire home/apt,2017,"$1,109.00 ",$222.00 ,,4,,0.04,3,1,351,,
1080867,Fully Furnished Basement Apartment,57811865410,unconfirmed,Dominik,Queens,Flushing,40.74028,-73.83168,United States,US,TRUE,strict,Private room,2018,$606.00 ,$121.00 ,,1,,0.01,4,1,389,- NO parties or events. -NO smoking inside. You are welcome to smoke outside. -We ask guests to maintain a low noise level after 10pm and be respectful of noise levels during the day. You are welcome to have a few friends over for dinner but no loud music,
1081420,FLAT MACDONOUGH GARDEN,64718456383,unconfirmed,Ryan,Brooklyn,Bedford-Stuyvesant,40.68281,-73.93524,United States,US,FALSE,moderate,Entire home/apt,2007,$853.00 ,$171.00 ,,124,,1.72,2,2,16,"The unit is a condo, with another unit upstairs.  Please be considerate of our neighbors, and respect the shared spaces (front porch, backyard) and limit any noise after 10 PM.  Guests are not allowed to use the bbq or smoker during their stay (sorry!).",
1081972,Light filled Williamsburg Apartment,28474746188,unconfirmed,Heather,Brooklyn,Williamsburg,40.71596,-73.93938,United States,US,FALSE,strict,Entire home/apt,2011,$172.00 ,$34.00 ,,11,7/2/2019,0.11,3,1,325,,
1082524,Retreat in Williamsburg,22731046418,verified,Abraham,Brooklyn,Williamsburg,40.71492,-73.95935,United States,US,TRUE,strict,Entire home/apt,2007,,$64.00 ,4,240,6/17/2019,2.19,3,1,337,"Leave shoes by door No strong scents (perfumes, hair sprays, etc.) No events, drunkenness, or loud music No noise in the stairway",
1083076,NYC Zen,83696952551,verified,Amelia,,East Village,40.72354,-73.98295,United States,US,FALSE,strict,Entire home/apt,2003,,$119.00 ,3,30,6/17/2019,0.28,5,1,344,No Smoking No Pets No Parties,
1083629,Cozy BR in Wiliamsburg 3 Bedroom,26995415534,verified,Bruce,Brooklyn,Williamsburg,40.71165,-73.96087,United States,US,FALSE,moderate,Private room,2003,"$1,133.00 ",$227.00 ,3,200,6/22/2019,1.86,5,4,166,"You must disclose at what time you are planning to arrive when booking.  If it's too late at night, we may not be able to accommodate you.  If you don't disclose the information, your reservation will be canceled immediately.  International guests:  Please make sure your visa/work permits are in order.  We cannot refund your money if you are unable to come because your paperwork was not in order.  If you are booking far in advance because of work/study issues, please be aware that if things change because of whatever circumstance we are not able to give you a full refund.  Please understand that we have kept your place for months foregoing other bookings.  The policy is that if you let us know a week in advance, you will receive 50% of what you have paid.  Also, the money that you pay upfront to secure the place is kept by airbnb which handles all money transactions.  No smoking indoors, only on the deck.  No pets.  Come and go as you please.  No loud music please.  Own housekeeping du",
1084181,Sunny Room in Old Historical Brooklyn Townhouse,7020663711,unconfirmed,Jessica,Brooklyn,Fort Greene,40.69101,-73.97312,United States,US,TRUE,strict,Private room,2014,$162.00 ,$32.00 ,8,27,6/29/2019,1.05,4,5,18,I'm a semi kosher vegetarian which means that I don't bring any pork or shelled fish into the house.  Chicken/Red meat is fine.,
1084733,Sun Filled Classic West Village Apt,45352858672,verified,Valeria,Manhattan,West Village,40.73474,-74.00101,United States,US,FALSE,moderate,Private room,2009,$944.00 ,$189.00 ,4,79,6/22/2019,0.74,3,1,130,- Minimum two night stay  - No smoking or drugs  - No parties and please be respectful of neighbors - Pets are welcome for an extra $50/night,
1085286,Lg Rm in Historic Prospect Heights,28372000134,unconfirmed,Wilson,Brooklyn,Prospect Heights,40.67386,-73.96641,United States,US,TRUE,moderate,Private room,2009,$505.00 ,$101.00 ,15,9,5/10/2013,0.09,2,1,43,"Please! No parties, no pets, no smoking, no illegal downloading from the Internet.",
1085838,Classic Artist Loft Williamsburg,85684057000,verified,Mike,Brooklyn,Williamsburg,40.71536,-73.96057,United States,US,TRUE,strict,Private room,2009,$113.00 ,$23.00 ,3,155,6/13/2019,1.61,2,1,18,,
1086390,,47292670441,unconfirmed,Dainton,Brooklyn,Prospect Heights,40.6741,-73.96595,United States,US,FALSE,flexible,Entire home/apt,2020,$810.00 ,$162.00 ,15,4,8/27/2018,0.05,3,1,0,Events or parties are a separate charge at our Bed and Breakfast. Nothing after 10 pm.,
1086943,Private Bdrm/Bathrm. New! Elevator!,80380133240,unconfirmed,Audrey,Manhattan,East Harlem,40.79295,-73.93997,United States,US,TRUE,moderate,Private room,2022,$370.00 ,$74.00 ,2,34,,0.32,5,1,373,"No smoking, No animals‚Äîwe already have enough! No house parties. The maximum number of guests allowed in this room is two. Additional guests are not allowed unless they're just stopping in for a brief visit‚Äîstill, please do clear it with me first.  I am trustworthy, clean and respectful and I expect my guests to be the same.  This is a calm, quiet neighborhood, so we ask that guests please adjust their decibels accordingly.  I ask that guests leave rooms the same way  they found them, making sure to clean up after cooking, to take hair out of the drains, and to put trash in trashcans.  Please  make yourself at home and feel free to use all my kitchen stuff, though I do have to play kitchen Nazi with a few items that require special cleaning (wok! cast iron frying pan!).  No pets allowed. No smoking. No storage permitted outside of rented room, outside of basket for toiletries in bathroom that I'll  point out to you.  Guests will please keep perishables in the college-size refrigerator ",
1087495,"Sunny, clean 1 bdrm in W. Village",75987317883,verified,James,Manhattan,West Village,40.73226,-74.00401,,,,,Entire home/apt,2018,$738.00 ,$148.00 ,45,134,,1.24,3,1,426,,
1088047,Great location in Williamsburg,51756716507,unconfirmed,Roman,Brooklyn,Williamsburg,40.71363,-73.96398,,,,,Entire home/apt,2007,"$1,013.00 ",$203.00 ,6,27,,0.25,3,1,396,,
1088599,Light and Airy Upper East Side 1 BDR apartment,30351473270,unconfirmed,Kellan,Manhattan,Upper East Side,40.77711,-73.9527,,,,,Entire home/apt,2004,$464.00 ,$93.00 ,4,126,,1.16,1,2,280,,
1089152,Luxury Brownstone in Boerum Hill,22525653405,unconfirmed,Owen,Brooklyn,Boerum Hill,40.68559,-73.98094,,,,,Entire home/apt,2006,$744.00 ,$149.00 ,3,23,,0.27,2,1,419,"There is no smoking in or immediately around the building. The building's quiet hours begin at 9pm. After this time it's very important that you not play music loudly, have noisy guests over, etc.",
1089704,CENTRAL PARK LOFT all for YOU,82585795978,verified,Eddy,Manhattan,Upper East Side,40.77456,-73.95323,,,,,Entire home/apt,2014,$764.00 ,$153.00 ,1,234,6/8/2019,2.6,5,2,353,,
1090256,Indie-Chic Share In Williamsburg,1595619477,unconfirmed,Darcy,,Williamsburg,40.71088,-73.95055,,,,,Private room,2022,"$1,020.00 ",$204.00 ,4,202,5/28/2019,1.86,5,2,377,"No smoking in the apartment, even with the windows open. No excessive cologne/perfume. Please take off your shoes on the landing and don't wear any outdoor shoes inside. No food in the bedroom, please. No food or drinks in the music room. Be considerate of the neighbors; no excessive noise, and keep quiet after 9pm. Please tell me if anything gets broken in the apartment. Talk to me first if you want to hold Yggy. Don't open the terrarium before we talk. No overnight guests.",
1090809,"A room w/ a Manhattan view, longer stay",973585651,unconfirmed,Dominik,Queens,Sunnyside,40.74559,-73.92313,,,,,Private room,2018,$355.00 ,$71.00 ,30,28,4/12/2019,0.26,1,1,395,- We have a very friendly cat and two chickens (in our outdoor coop in the back of the yard). Chickens and cat will be cared for/fed ( including cat litter box) by a pet sitter through a private basement entrance. We just ask that you let our indoor/outdo,
1091361,"Private, Large & Sunny 1BR w/W&D",86944769515,verified,Aldus,Brooklyn,Bedford-Stuyvesant,40.68306,-73.94659,,,,,Entire home/apt,2008,$244.00 ,$49.00 ,2,309,6/22/2019,,4,2,169,"Please keep cats out of bedrooms and bathroom, by keeping those doors closed.  Don't let cats outside the apartment.  No smoking.  Make sure front door is locked when you come in.",
1091913,Luxurious Condo in DUBMO with View,20270952150,unconfirmed,Edith,Brooklyn,DUMBO,40.70207,-73.98571,United States,US,TRUE,strict,Private room,2016,$385.00 ,$77.00 ,47,14,4/25/2021,,2,1,190,"Please care for our home as you would your own. This is not a vacation rental, it is our real home :)  Upon your departure please load and run the dishwasher, and take out your garbage and recycling. Instructions will be provided for you.",
1092466,Charming & Cozy midtown loft any WEEK ENDS  !!!,3310140241,verified,Luke,Manhattan,Upper East Side,40.76123,-73.9642,United States,US,FALSE,flexible,Entire home/apt,2021,$950.00 ,$190.00 ,81,4,9/23/2016,,1,1,335,Please be respectful.  Keep noise to a minimum after 9pm. No Smoking. No recovering patients from medical procedures. Thanks!,
1093018,* Spacious GARDEN Park Slope Duplex* 6 people max,61571782497,verified,Nicole,Brooklyn,Gowanus,40.66858,-73.99083,United States,US,FALSE,strict,Entire home/apt,2021,$374.00 ,$75.00 ,144,80,7/6/2019,,2,1,52,"No candles, smoking or flame of any kind is allowed.  No pets and please be sensitive to the environment and our bills by turning off lights, heat and water when not in the apartment.",
1093570,Convenient cozy cheap apt Manhattan,29280666536,unconfirmed,Agata,Manhattan,Harlem,40.82704,-73.94907,United States,US,FALSE,flexible,Entire home/apt,2011,$375.00 ,$75.00 ,371,2,11/2/2015,,4,1,70,"You will be sharing a bathroom, so you must be considerate of time spent in the bathroom in the morning when getting ready. If you use the kitchen, please put the dirty cups, bowls, plates, and silverware in the dirty dishes tub, and hand wash all of the pots, pans, and cooking tools you use. Please clean up any mess you may have made. Remember to turn on the fan when using the stove or oven so the fire alarm does not go off from the steam! Please only smoke outside, away from the apartment building, and dispose of your cigarettes responsibly. Checkout: Checkout is at 11:00 am, please inquire if you would like to check out later or leave your bags with us for the day. If we are not awake/home when you leave, please leave the passes on the desk in your room, lock the front door behind you, and put your keys in the lock box behind the front stair case.",
1094122,Parlor Room In Victorian Townhouse,45745264571,,Heather,,Clinton Hill,40.68843,-73.96408,United States,US,TRUE,strict,Private room,2004,$925.00 ,$185.00 ,149,294,6/24/2019,,3,3,311,,
1094675,House On Henry (2nd FLR Suite),44408473243,,James,Brooklyn,Carroll Gardens,40.6783,-74.00135,United States,US,FALSE,moderate,Entire home/apt,2008,$842.00 ,$168.00 ,273,150,6/18/2019,1.4,5,3,141,"-Please no pets -Quiet hours are from 10pm - 8am -No smoking inside, outside is fine -Please be respectful of the place, and cleaning up after yourself",
1095227,New York room with a view,95792367490,,Dexter,Staten Island,St. George,40.64524,-74.08088,United States,US,TRUE,strict,Private room,2003,"$1,015.00 ",$203.00 ,131,166,6/13/2019,1.66,4,1,-1,"Please tell me about who you will be traveling with and your purpose for the trip. I will accept adults traveling with a child over 7 years old. But I do not accept more than 2 guests at a time. So 1 adult and 1 child is fine. Are you traveling for work, visiting friends in this area, or a tourist on vacation? This is a friendly house hold, reasonably quiet. You will have to pass through our part of the house in order to get to the third floor. We expect guests to be reasonably quiet coming in and out before (9AM and after 10PM. Kindly remove your shoes as well.  No smoking. No pets. For safety reasons please do not invite other people to our place without permission. There is a fire ladder under the bed in the bedroom, as a second means of egress.  Please recycle. I will provide a paper bag for you to put your recycled items in. For summer months, there are two AC units provided. PLEASE keep doors and windows closed whenever you are using the AC. Otherwise please shut the AC off, if y",
1095779,Sunny cozy room in Brklyn townhouse,29877853006,,Jared,Brooklyn,Bushwick,40.70641,-73.91765,United States,US,FALSE,moderate,Private room,2014,$503.00 ,$101.00 ,275,47,6/19/2019,0.94,5,1,263,No pets that shed; If you have a hypo-allergenic dog that is ok. ,
1096332,Room with a View,80294758485,,Eric,Bronx,Highbridge,40.83232,-73.93184,United States,US,TRUE,flexible,Private room,2006,$483.00 ,$97.00 ,323,219,7/4/2019,2.04,1,3,200,"All I ask is that you don't make too big a mess, don't smoke, don't break anything, and be respectful of my roommates/neighbors.",
1096884,Light+Open+Airy+Rustic+Modern Loft,33855109201,,Freddie,Brooklyn,Williamsburg,40.71045,-73.9677,United States,US,FALSE,strict,Entire home/apt,2005,$176.00 ,$35.00 ,59,193,7/6/2016,1.78,4,1,219,"- The building and its premises and grounds are 100% smoke free. No smoking of any kind is allowed, neither inside or outside. No smoking in front of the house please. - Please use only the front stairs for access - We apologize but the tub is not availab",
1097436,West Inn 2 - East Village,56474290668,,Olivia,Manhattan,East Village,40.72518,-73.98034,United States,US,FALSE,flexible,Private room,2020,$185.00 ,$37.00 ,99,84,6/23/2019,0.78,4,4,144,Smoking whatever is your preference is ok on the decks.  Please use ashtrays and dispose of debris.    Clean up after your pet but feel free to use the yard for bathroom activities.,
1097989,Financial District Luxury Loft,57567873573,verified,Amy,Manhattan,Financial District,40.70666,-74.01374,United States,US,FALSE,strict,Entire home/apt,2022,$387.00 ,$77.00 ,268,114,6/20/2019,1.06,4,1,320,"No Smoking.  Smoke alarms will sound (not just in the unit, but throughout the other units in the building as well).  Please keep the outside gate closed.  No parties. Overnight guests, other than those listed on the reservation, are not allowed.",
1098541,BROOKLYN VICTORIAN STYLE SUITE.....,83631499592,unconfirmed,Frederick,Brooklyn,Fort Greene,40.69098,-73.97113,United States,US,FALSE,flexible,Private room,2008,"$1,155.00 ",$231.00 ,-10,213,6/24/2019,2,5,2,19,There is no smoking on the property. No outside guests are allowed. The building's quiet hours begin at 9pm.,
1099093,Your own Lovely West Village Studio,64716183027,verified,April,Manhattan,West Village,40.73756,-74.00405,United States,US,FALSE,strict,Entire home/apt,2017,$665.00 ,$133.00 ,189,86,6/1/2019,0.8,1,1,293,We expect guests to treat this as they would their own home.  We don't allow pets.  We don't allow smoking.,
1099645,ACCOMMODATIONS GALORE#3. 1-5 GUESTS,13628045272,verified,Daniel,Manhattan,Harlem,40.81526,-73.94791,United States,US,TRUE,strict,Entire home/apt,2013,$175.00 ,$35.00 ,30,80,5/26/2019,0.75,2,3,58,"We ask guests to leave the house as they found it and to respect our home, our belongings, and our privacy. No smoking or drug use in our home at any time.",
1100198,Greenwich Village Stylish Apartment,31589665723,unconfirmed,Jared,Manhattan,West Village,40.73423,-74.0046,United States,US,TRUE,strict,Entire home/apt,2012,$408.00 ,$82.00 ,340,38,4/20/2016,0.36,1,1,163,I appreciate guests on the quiet side who are mindful that this is my home. Non-smoking please. No open flames permitted. No pets.,
1100750,Clean and Cozy Harlem Apartment,42380667906,verified,Ashton,Manhattan,Harlem,40.82374,-73.9373,United States,US,FALSE,strict,Entire home/apt,2019,$601.00 ,$120.00 ,128,18,12/17/2018,1.79,3,1,240,"We live on the premises - two women,  two dogs and a cat. We are a strictly NON-SMOKING household - this includes all smokeable substances. We tend to stay up late, so late arrivals to about 11 pm or so are OK. We can arrange for a later check-in via a key box, but we may not meet you in person until the next morning. Check-in is after 5 pm except by prior arrangement, and checkout is at 11 am promptly to allow time for the unit to be cleaned before the next guest. This is a quiet residential neighborhood so please, no parties or loud music. There is door from the 3rd floor onto the roof as a safety exit, but the rubber roof is very delicate.  If you are tempted to walk out on the roof, please do so in your bare feet only.  There is no railing for the roof.  Under no circumstances may children access the roof. Thank you for not smoking any substance on the roof, on the deck or anywhere on the premises.",
1101302,"Fort Greene, Brooklyn: Center Bedroom",9549678609,unconfirmed,Adele,Brooklyn,Fort Greene,40.68863,-73.97691,United States,US,FALSE,flexible,Private room,2011,$107.00 ,$21.00 ,350,206,6/30/2019,1.92,4,2,96,"-No shoes in our home. Please leave them at the door in the foyer. -No smoking in the house indoors. There are ashtrays outside. -No stealing cutlery, utensils, other kitchen items or of any kind. -No damaging walls or windows. -No alterations, decoration",
1101855,Beautiful Queens Brownstone! - 5BR,65716686884,unconfirmed,Brad,Queens,Ridgewood,40.70382,-73.89797,United States,US,TRUE,flexible,Entire home/apt,2011,$724.00 ,$145.00 ,166,10,5/12/2019,0.11,4,5,300,No Parties allow  Non smoking,
1102407,Couldn't Be Closer To Columbia Uni,44580630332,unconfirmed,Bruce,Manhattan,Morningside Heights,40.80549,-73.95924,United States,US,FALSE,strict,Private room,2019,$450.00 ,$90.00 ,110,122,5/14/2019,1.18,4,2,425,,
1102959,,35675205624,unconfirmed,Daniel,Brooklyn,Williamsburg,40.71627,-73.9587,United States,US,FALSE,strict,Entire home/apt,2004,"$1,153.00 ",$231.00 ,57,33,4/8/2019,0.58,4,1,421,"This is a home, not a hotel.  Conservation is important. Please do not waste water or electricity. We recycle, reuse, compost and minimize waste. Clean up after yourself and put things away It's a family friendly, urban neighborhood with incidents of crime; please lock doors and windows. Basic self-awareness of the impact of your choices. Communication is important. Let me know what you need. The dining area is not a work space. There is a desk and chaise lounge in guest room that should be used for workspace. I have a study/living room which is not meant for guests.",
1103512,Park Slope haven 15 mins from Soho,36806839312,unconfirmed,Kelsey,Brooklyn,Park Slope,40.67994,-73.97863,United States,US,FALSE,strict,Entire home/apt,2015,$327.00 ,$65.00 ,142,52,6/5/2019,0.5,4,1,83,No smoking.,
1104064,SAFE  AND BEAUTIFUL ACCOMODATION,93242543275,verified,Natalie,Brooklyn,Bedford-Stuyvesant,40.67992,-73.9475,United States,US,FALSE,strict,Private room,2015,$946.00 ,$189.00 ,366,126,5/19/2019,1.17,,4,332,,
1104616,Large Room in private Brownstone in Park Slope,25032439747,unconfirmed,Lana,Brooklyn,Prospect Heights,40.67868,-73.97307,United States,US,FALSE,strict,Private room,2017,$498.00 ,$100.00 ,,51,6/24/2019,0.48,,3,271,Like it is their own house. I've had problems in the past with AirBnB so I need to be assured that guests will treat the house with respect and care.,
1105168,"NEW YORK CITY, 1 BDRM.(NEAR CENTRAL PARK & METRO)",40177622054,unconfirmed,Victor,Manhattan,Upper East Side,40.76834,-73.95334,United States,US,FALSE,flexible,Private room,2020,$720.00 ,$144.00 ,,199,6/24/2019,1.85,,1,156,"Stay kinda quiet after 11, don't leave the door open, and you're good to go. Have fun!",
1105721,"LARGE, COMFY 1BDR W/CHARACTER!!!",5715989004,verified,Edgar,Brooklyn,Bedford-Stuyvesant,40.68237,-73.9415,United States,US,FALSE,flexible,Entire home/apt,2011,$174.00 ,$35.00 ,,30,3/2/2022,0.29,,1,,,
1106273,Chelsea Studio sublet 1 - 2 months,4828083235,verified,Antony,Manhattan,Chelsea,40.74031,-73.99999,United States,US,TRUE,moderate,Entire home/apt,2021,$323.00 ,$65.00 ,,3,7/17/2015,0.03,,1,,- NO parties or events. -NO smoking inside. You are welcome to smoke outside. -We ask guests to maintain a low noise level after 10pm and be respectful of noise levels during the day. You are welcome to have a few friends over for dinner but no loud music,
1106825,LUX APT IN TIMES SQUARE NEW BUILDING,93725364475,unconfirmed,Aiden,Manhattan,Hell's Kitchen,40.76307,-73.99665,United States,US,FALSE,moderate,Entire home/apt,,$539.00 ,$108.00 ,,41,6/26/2025,0.38,2,1,,"You will be sharing a bathroom, so you must be considerate of time spent in the bathroom in the morning when getting ready. If you use the kitchen, please put the dirty cups, bowls, plates, and silverware in the dishwasher, and hand wash all of the pots, pans, and cooking tools you use. Please clean up any mess you may have made. Remember to turn on the fan when using the oven/stove. Please only smoke outside, away from the apartment building, and dispose of your cigarettes responsibly. Checkout: Checkout is at 11:00 am, please inquire if you would like to check out later or leave your bags with us for the day. If we are not awake/home when you leave, please leave the passes on the desk in your room, lock the front door behind you, and put your keys in the lock box behind the front stair case.",
1107378,Designer 1 BR Duplex w/ Terrace- Spectacular Views,11711269275,verified,Antony,Manhattan,Lower East Side,40.71882,-73.98852,United States,US,FALSE,strict,Entire home/apt,,$232.00 ,$46.00 ,,109,6/15/2019,1.04,2,1,,"You're welcome to use our kitchen, we just ask that you clean up when you're done. There is no smoking, including on the porch.  If you use our frying pans, please use only wood or silicone utensils on them and clean only with the soft side of the sponge.  Please be careful when coming and going not to let the cat out. She can get very curious when the door's open.",
1107930,Lovely Apt & Garden;  Legal;  Best Area; Amenities,47754762661,unconfirmed,Clark,Brooklyn,South Slope,40.6693,-73.98804,United States,US,FALSE,flexible,Entire home/apt,,$968.00 ,$194.00 ,,151,6/22/2019,1.43,4,3,,,
1108482,1 Bedroom in 2 Bdrm Apt- Upper East,53580758729,unconfirmed,,Manhattan,Upper East Side,40.77333,-73.95199,United States,US,FALSE,flexible,Private room,,$460.00 ,$92.00 ,14,0,,,1,2,,"Absolutely no smoking inside No pets Family friendly! Our home media center is connected to the TV, giving you access to our library of hundreds of movies and shows, including a kid friendly selection Nespresso and a Keurig machines are available for you to make espresso and coffee. We also have a selection of teas. Our yard, shared with two other units, is also available, and features a grill and a table with seating Parking on the street requires an adhesive residential permit. We have free off street parking, which will save you from a ticket There is a fourth, crib size mattress and a bassinet available should you need them Laundry is coin operated and available in the basement",
1109035,Lower East Side $57~/night,66711255974,verified,,Manhattan,Lower East Side,40.72319,-73.99201,United States,US,FALSE,moderate,Private room,,$81.00 ,$16.00 ,1,285,6/22/2019,2.69,1,1,,"No smoking, no showering after 10pm, no shoes in the house we can provide slippers, no loud music please, no late check in after 9pm",
1109587,Prime Location in Manhattan,47239505401,verified,,,Chelsea,40.74859,-73.99671,United States,US,TRUE,flexible,Private room,,$267.00 ,$53.00 ,1,375,6/18/2019,3.52,3,1,,"ANDREA'S HOUSE RULES:  ** All overnight guests must be booked through Airbnb. If you plan to have visitors during your stay, please check with us beforehand.  ** Urban Oasis is a NO-SHOES space. There is a bench just inside the door where you can sit and remove your shoes. PLEASE BRING SLIPPERS or inside shoes if it is your preference for inside.  ** Please help us avoid any staining and damage to the furniture & linens by keeping food and beverages out of the bed. [**For MAKEUP REMOVAL please use the wipes provided and/or the dark washcloth.] ** AFTER CHECK-OUT, I'm happy to post forgotten items. There is a $25 (plus postage) fee for this service. Should you need this, the extra fee goes through the Airbnb Resolution Center.  ** Please use the PAPER TOWELS from your kitchen area to clean up messes that could stain our whites  ** Enjoy our apartment and please leave it clean & tidy as you found it  ** Thank you for not smoking inside. If you must, please do so outside. There is an asht",
1110139,( F) Excellent/Pvt Rm,39463875808,unconfirmed,,Queens,Jamaica,40.67252,-73.76597,United States,US,TRUE,moderate,Private room,,"$1,084.00 ",$217.00 ,2,52,5/20/2019,0.49,2,2,,"Reasonably quiet after 9.  Having said that, I should note that the walls of this 145 year old mansion are thick, so average noise will not travel beyond your suite.  So sorry, but no burning of candles.",